Book Name,Rating,Price
It's Only the Himalayas,Two,£45.17
Full Moon over Noahâs Ark: An Odyssey to Mount Ararat and Beyond,Four,£49.43
See America: A Celebration of Our National Parks & Treasured Sites,Three,£48.87
Vagabonding: An Uncommon Guide to the Art of Long-Term World Travel,Two,£36.94
Under the Tuscan Sun,Three,£37.33
A Summer In Europe,Two,£44.34
The Great Railway Bazaar,One,£30.54
A Year in Provence (Provence #1),Four,£56.88
The Road to Little Dribbling: Adventures of an American in Britain (Notes From a Small Island #2),One,£23.21
Neither Here nor There: Travels in Europe,Three,£38.95
"1,000 Places to See Before You Die",Five,£26.08
